Name,True Val.,Posterior Mean,Posterior Std.,RMSE,2.5% Quantile,97.5% Quantile
c_i,1.2,1.2043531077500003,0.05992157723081803,0.06007948872046101,1.0931855000000001,1.3233135
c_j,1.5,1.6386958287500002,0.08895651351145216,0.16477194606110152,1.4753955,1.823427
sigma,2.0,1.98099806625,0.06804687245695507,0.07065019700901407,1.85117775,2.11989125
lambda,1.0,0.9880020588749999,0.06040515304220459,0.06158516952392944,0.873482325,1.10981175
mu_0,0.0,0.008402864200689997,1.0025948578140134,1.0026300698871329,-1.9383134999999998,1.9773594999999995
