Name,True Val.,Posterior Mean,Posterior Std.,RMSE,2.5% Quantile,97.5% Quantile
c_i,1.2,1.213275724875,0.12112271455560135,0.12184808924342792,0.9870101499999999,1.46466275
c_j,1.5,1.64479860375,0.17409472050542768,0.22644117857804152,1.3355234999999999,2.0179715
sigma,2.0,1.97305436125,0.1446158390929811,0.1471047530306635,1.7118015,2.2767410000000003
lambda,1.0,1.0826418611250002,0.12906790720532385,0.15325861111391392,0.848621175,1.34914025
mu_0,0.0,0.00015438375799999715,0.9966349082270858,0.9966349201844958,-1.9553342500000002,1.9442364999999997
