Name,True Val.,Posterior Mean,Posterior Std.,RMSE
c_i,1.2,1.214753935625,0.11975978879998592,0.12066517985667562
c_j,1.5,1.6472570325000002,0.1777038220143814,0.23078839221075453
sigma,2.0,1.969336855,0.14302662156521412,0.14627659736830764
lambda,1.0,1.07926532475,0.12985167195588795,0.15213299582096743
