Name,True Val.,Posterior Mean,Posterior Std.,RMSE
c_i,1.2,1.107586299875,0.2677534191271966,0.2832528648135754
c_j,1.5,1.764696321875,0.4976092681493119,0.5636303101876685
sigma,2.0,2.77172747125,0.5913300469311896,0.9722317184115948
lambda,1.0,0.9002673975000001,0.2658937626317177,0.2839825434914534
