Name,True Val.,Posterior Mean,Posterior Std.,RMSE,2.5% Quantile,97.5% Quantile
c_i,1.2,1.25446935325,0.08656543204319617,0.10227650985587307,1.0928440000000001,1.4355624999999999
c_j,1.5,1.68561955375,0.12767187448568443,0.2252880961547625,1.4538039999999999,1.9530025
sigma,2.0,1.91201523,0.09549889348401948,0.1298512934422488,1.7372235,2.1074159999999997
lambda,1.0,1.0531180923749999,0.08972544602203904,0.10426978182298484,0.887113775,1.2355269999999998
mu_0,0.0,-0.008702490674375,0.9746864662380584,0.9747253155692487,-1.9112942499999999,1.8976157499999982
