Name,True Val.,Posterior Mean,Posterior Std.,RMSE
c_i,1.2,1.3484314132500002,0.22150812048862334,0.266641579431631
c_j,1.5,1.7823289009999999,0.3223903817648798,0.42853840737368293
sigma,2.0,2.264474155,0.2769249048489247,0.3829281676614426
lambda,1.0,0.9593930817499999,0.20543259973628836,0.20940743741369897
