Name,True Val.,Posterior Mean,Posterior Std.,RMSE
c_i,1.2,1.20563836875,0.05944726067239368,0.05971405197784272
c_j,1.5,1.6387707925,0.08954838323022334,0.16515521726613716
sigma,2.0,1.9806515587499998,0.06866013397276326,0.07133425667911954
lambda,1.0,0.9897112211250001,0.05949931901410913,0.06038234786658575
