Name,True Val.,Posterior Mean,Posterior Std.,RMSE,2.5% Quantile,97.5% Quantile
c_i,1.2,1.1121764643749998,0.335375364452626,0.3466837297760127,0.565068625,1.8284794999999996
c_j,1.5,1.508204745125,0.4663077449300702,0.46637992112046767,0.753392975,2.5262184999999997
r,15.0,13.774217544999999,3.9838053527073045,4.168122804722193,7.0612595,22.13166499999999
sigma,2.0,1.97393169,0.14522056949677928,0.14754175880483805,1.71258975,2.27976575
lambda,1.0,1.080835520375,0.1275372955348379,0.1509971625781015,0.8498609,1.3548935
mu_0,0.0,0.23940280637237502,5.168186780615356,5.173728665384984,-9.71942675,10.3481125
