Name,True Val.,Posterior Mean,Posterior Std.,RMSE
c_i,1.2,1.2547600755,0.08989382829698628,0.10525951849905901
c_j,1.5,1.6897328275,0.12923480044121338,0.22956519657000501
sigma,2.0,1.91095444875,0.09630223422574953,0.13116108612804137
lambda,1.0,1.052802183125,0.0902900193462314,0.10459616692933295
