model,model_code,n_contests,private_gap_rmse,private_gap_mae,winner_accuracy,private_volatility_rmse,private_volatility_mae
Final public leaderboard,FP,73,0.405180009154915,0.15823074389569783,0.6986301369863014,0.3106803351866991,0.10174352301583962
Reduced-form activity model,RF,73,0.41229227165999643,0.19900078442676022,0.9863013698630136,0.3439587271252383,0.16595347185503612
Structural Bayesian model,S,73,0.47371166328843695,0.27256038959202905,0.6027397260273972,0.7643693378631351,0.509513068721348
